{"entry_count": 50, "message": "Success", "data": [{"job_name": "Desenvolvedor iOS", "hours": null, "department": null, "seniority": null, "remote": "false", "company_name": "Nosso trabalho transforma o mundo, o futuro e as pessoas.", "company_url": "eldorado.org.br", "post_url": "institutoeldorado.gupy.io/job/eyJzb3VyY2UiOiJndXB5X3B1YmxpY19wYWdlIiwiam9iSWQiOjQ0OTg3MjB9", "tags_matched": [], "tag_categories": [], "job_location": "Avenida M\u00e1rio Ypiranga, 315, Manaus, Amazonas, Brasil, 69057-000", "city": "Manaus", "region": "Amazonas", "country": "Brazil", "last_indexed": "2023-06-08 01:14:45"}, {"job_name": "After-Hours Subject Matter Expert - iOS Mobile Development (Part-Time)", "hours": "Part-Time", "department": null, "seniority": null, "remote": "true", "company_name": "DevMountain", "company_url": "strategiced.com", "post_url": "strayer.wd1.myworkdayjobs.com/sei/job/remote/after-hours-subject-matter-expert---ios-mobile-development--part-time-_r20306", "tags_matched": ["Swift", "JSON", "Xcode", "UIKit"], "tag_categories": ["Cloud Native Storage", "DevOps", "Languages", "Frontend Framework", "Runtime", "IDE"], "job_location": "Remote", "city": null, "region": null, "country": "United States", "last_indexed": "2023-06-08 16:28:37"}, {"job_name": "Banco De Talentos - Coordenador De Quiosque Motorola - Piracicaba", "hours": null, "department": null, "seniority": null, "remote": "false", "company_name": "Acreditamos no TALENTO das pessoas, e voc\u00ea pode fazer parte de tudo isso", "company_url": "hstelecom.com.br", "post_url": "hstelecom.gupy.io/job/eyJzb3VyY2UiOiJndXB5X3B1YmxpY19wYWdlIiwiam9iSWQiOjM2NDg5MTd9", "tags_matched": [], "tag_categories": [], "job_location": "Avenida Limeira, 722, Piracicaba, S\u00e3o Paulo, Brasil, 13414-018", "city": "Piracicaba", "region": "S\u00e3o Paulo", "country": "Brazil", "last_indexed": "2023-06-09 00:06:23"}, {"job_name": "Analista De Neg\u00f3cios De Sistemas J\u00fanior - Sistema Mv", "hours": null, "department": null, "seniority": null, "remote": "false", "company_name": "Unimed Nacional", "company_url": "unimednacional.coop.br", "post_url": "unimednacional.gupy.io/job/eyJzb3VyY2UiOiJndXB5X3B1YmxpY19wYWdlIiwiam9iSWQiOjQ3OTQ4MTR9", "tags_matched": [], "tag_categories": [], "job_location": "S\u00e3o Paulo, S\u00e3o Paulo, Brasil, 01310-100", "city": "S\u00e3o Paulo", "region": "S\u00e3o Paulo", "country": "Brazil", "last_indexed": "2023-06-08 18:16:44"}, {"job_name": "iOS Security Researcher", "hours": "Full-Time", "department": "R&D", "seniority": "Senior IC", "remote": null, "company_name": "Cellebrite", "company_url": "cellebrite.com", "post_url": "comeet.com/jobs/cellebrite/c3.00f/ios-security-researcher/0b.613", "tags_matched": ["iOS", "ARM"], "tag_categories": ["AI Hardware", "OS", "Analytics", "Infrastructure"], "job_location": "94 Shlomo Shmeltzer Road, Shaked building, 6th floor Petah Tikva, Center District, Israel", "city": "Petah Tikva", "region": "Center District", "country": "Israel", "last_indexed": "2023-06-08 01:52:03"}, {"job_name": "[Omni1] Consultor(a) de Neg\u00f3cios", "hours": null, "department": null, "seniority": null, "remote": "false", "company_name": "#VemSerWizzer", "company_url": "wiz.co", "post_url": "wiz.gupy.io/job/eyJzb3VyY2UiOiJndXB5X3B1YmxpY19wYWdlIiwiam9iSWQiOjQ5Mjg2NTB9", "tags_matched": [], "tag_categories": [], "job_location": "Belo Horizonte, Minas Gerais, Brasil, 30130-002", "city": "Belo Horizonte", "region": "Minas Gerais", "country": "Brazil", "last_indexed": "2023-06-08 12:26:46"}, {"job_name": "\u267f AGENTE NEG\u00d3CIOS PCD | 0134-JD. AM\u00c9RICA-URB.SP", "hours": null, "department": null, "seniority": "Chief", "remote": null, "company_name": "BANCO BRADESCO SA", "company_url": "bradescori.com.br", "post_url": "bradesco.csod.com/ux/ats/careersite/1/home/requisition/36246", "tags_matched": [], "tag_categories": [], "job_location": "Brazil", "city": null, "region": null, "country": "Brazil", "last_indexed": "2023-06-08 22:14:28"}, {"job_name": "macOS / iOS Entwickler (Home Office) (m/w/d)", "hours": "Full-Time", "department": null, "seniority": null, "remote": null, "company_name": "zollsoft", "company_url": "zollsoft.de", "post_url": "zollsoft.jobs.personio.com/job/686091", "tags_matched": ["Apple", "macOS", "iOS", "Git", "Vercel", "Jira", "Confluence", "Swift", "Unix"], "tag_categories": ["Issue Tracking", "Serverless", "Cloud Native Storage", "OS", "Advertising", "Static Site Hosting", "Hosted Platform", "Runtime", "Version Control", "Project Management", "DevOps", "Tag Managers"], "job_location": "Hamburg", "city": null, "region": "Hamburg", "country": "Germany", "last_indexed": "2023-06-09 02:14:13"}, {"job_name": "iOS \uac1c\ubc1c\uc790(iOS Engineer)_\uc5c5\ube44\ud2b8 \uc11c\ube44\uc2a4 \uac1c\ubc1c", "hours": null, "department": null, "seniority": null, "remote": null, "company_name": "Dunamu", "company_url": "dunamu.com", "post_url": "boards.greenhouse.io/dunamu/jobs/4047965004", "tags_matched": ["iOS", "Swift"], "tag_categories": ["Runtime", "Cloud Native Storage", "OS"], "job_location": "Seoul, South Korea", "city": "Seoul", "region": 11, "country": "South Korea", "last_indexed": "2023-06-08 08:29:11"}, {"job_name": "Consultora de Neg\u00f3cios E-commerce e Marketplace em Varejo - Vaga afirmativa para mulheres", "hours": null, "department": null, "seniority": null, "remote": "true", "company_name": "VEM SER DIVERSA NA BIP", "company_url": "bipbrasil.com.br", "post_url": "diversabip.gupy.io/job/eyJzb3VyY2UiOiJndXB5X3B1YmxpY19wYWdlIiwiam9iSWQiOjMzNDkxNzZ9", "tags_matched": [], "tag_categories": [], "job_location": "Rua Alvorada, 1289, S\u00e3o Paulo, S\u00e3o Paulo, Brasil, 04550-004", "city": "S\u00e3o Paulo", "region": "S\u00e3o Paulo", "country": "Brazil", "last_indexed": "2023-06-08 00:22:46"}, {"job_name": "iOS Developer", "hours": null, "department": null, "seniority": null, "remote": null, "company_name": "Cherry Hire", "company_url": "cherryhire.com", "post_url": "careers-page.com/cherry-hire/job/46VYX5", "tags_matched": ["iOS"], "tag_categories": ["OS"], "job_location": "Manama, Capital Governorate, Bahrain", "city": "Manama", "region": null, "country": "Bahrain", "last_indexed": "2023-06-09 05:32:54"}, {"job_name": "Consultor Estrat\u00e9gico de Neg\u00f3cios - Montenegro", "hours": null, "department": null, "seniority": null, "remote": "false", "company_name": "A VERDES VALES", "company_url": "verdesvales-rs.com.br", "post_url": "verdesvales.gupy.io/job/eyJzb3VyY2UiOiJndXB5X3B1YmxpY19wYWdlIiwiam9iSWQiOjQ4OTc0MzR9", "tags_matched": [], "tag_categories": [], "job_location": "Estrada Maur\u00edcio Cardoso, 3425, Montenegro, Rio Grande do Sul, Brasil, 95780-000", "city": "Montenegro", "region": "Rio Grande do Sul", "country": "Montenegro", "last_indexed": "2023-06-09 22:37:05"}, {"job_name": "Coordenador De Multineg\u00f3cios - Goi\u00e2nia/Go - Staff", "hours": "Full-Time", "department": null, "seniority": null, "remote": "false", "company_name": "Uma das maiores empresas nacionais de teleatendimento", "company_url": "tahto.com.br", "post_url": "tahto.gupy.io/job/eyJzb3VyY2UiOiJndXB5X3B1YmxpY19wYWdlIiwiam9iSWQiOjQ4MjI2OTF9", "tags_matched": [], "tag_categories": [], "job_location": "Alameda Mois\u00e9s Santana, 156, Goi\u00e2nia, GO, Brasil, 74850130", "city": "Goi\u00e2nia", "region": "GO", "country": "Brazil", "last_indexed": "2023-06-08 07:15:10"}, {"job_name": "Est\u00e1gio em Intelig\u00eancia de Neg\u00f3cios", "hours": "Intern", "department": null, "seniority": null, "remote": "false", "company_name": "SOBRE N\u00d3S", "company_url": "essentia.com.br", "post_url": "essentiagroup.gupy.io/job/eyJzb3VyY2UiOiJndXB5X3B1YmxpY19wYWdlIiwiam9iSWQiOjQ4Nzk0NDl9", "tags_matched": [], "tag_categories": [], "job_location": "Rua Jair Hamms, 38, Palho\u00e7a, Santa Catarina, Brasil, 88137-084", "city": "Palho\u00e7a", "region": "Santa Catarina", "country": "Brazil", "last_indexed": "2023-06-09 16:32:10"}, {"job_name": "Associate Director, Biostatistics", "hours": null, "department": null, "seniority": "Director", "remote": null, "company_name": "Pliant Therapeutics", "company_url": "pliantrx.com", "post_url": "boards.greenhouse.io/plianttherapeuticsinc/jobs/5443037003", "tags_matched": ["SAS"], "tag_categories": ["IaaS", "Analytics", "General Analytics", "Statistical Computing", "Business Intelligence (BI)", "Data Science Platforms"], "job_location": "South San Francisco, CA", "city": "South San Francisco", "region": "California", "country": "United States", "last_indexed": "2023-06-08 01:16:35"}, {"job_name": "Senior iOS Mobile Engineer (International)", "hours": "Intern", "department": null, "seniority": "Senior IC", "remote": "true", "company_name": "Varsity Tutors", "company_url": "varsitytutors.com", "post_url": "boards.greenhouse.io/varsitytutors/jobs/5068415", "tags_matched": ["EKS", "Lottie", "AWS", "EC2", "Google", "Go", "Carthage", "Twilio", "RDS", "Lambda", "Swift"], "tag_categories": ["Mobile Prototyping Tools", "IaaS", "Programming Languages", "Runtime", "Communications", "OSS", "Kubernetes", "Platform", "DBaaS", "Serverless", "Application Hosting", "Datastores", "Infrastructure", "PaaS", "DevOps", "Business Information Systems", "SMS", "Hosted Platform", "Container Orchestration", "Email", "Compute", "Messaging & Notifications", "Cloud Native Storage", "Containers", "Dependency Management"], "job_location": "Remote", "city": "Buenos Aires", "region": "C", "country": "Argentina", "last_indexed": "2023-06-09 00:46:19"}, {"job_name": "Biostatistician I", "hours": "Full-Time", "department": null, "seniority": null, "remote": null, "company_name": "USC University of Southern California", "company_url": "usc.edu", "post_url": "usc.wd5.myworkdayjobs.com/externalusccareers/job/san-diego-ca/biostatistician-i_req20134772", "tags_matched": ["Workday", "SAS"], "tag_categories": ["Analytics", "Payroll Management", "Enterprise Resource Planning (ERP)", "Business Intelligence (BI)", "Back Office Tools", "Accounting", "Enterprise Customers", "Enterprise Software", "Human Resources", "Data Science Platforms", "IaaS", "Misc Biz Tools", "General Analytics", "Statistical Computing"], "job_location": "San Diego, California", "city": "San Diego", "region": "California", "country": "United States", "last_indexed": "2023-06-09 02:27:28"}, {"job_name": "Project Manager para Desarrollos Universitarios en Linea", "hours": "Full-Time", "department": "Education", "seniority": "IC", "remote": null, "company_name": "Universidad Internacional Jefferson", "company_url": "jefferson.edu.mx", "post_url": "jefferson.zohorecruit.com/recruit/PortalDetail.na?iframe=true&digest=gzzEbEIdRuVr6jbeZ9@szHGAUnkE7bVo.a85bxdBEmQ-&jobid=503303000003729095&widgetid=503303000000072311&embedsource=CareerSite", "tags_matched": ["Thinkific"], "tag_categories": ["eCom", "Software", "E-Learning", "Education", "SaaS"], "job_location": null, "city": "Morelia", "region": "Michoac\u00e1n de Ocampo", "country": "Mexico", "last_indexed": "2023-06-09 17:03:20"}, {"job_name": "Senior Software Engineer, iOS (Affirm Card)", "hours": null, "department": null, "seniority": "Senior IC", "remote": "true", "company_name": "Affirm", "company_url": "affirm.com", "post_url": "boards.greenhouse.io/affirm/jobs/5524667003", "tags_matched": ["iOS", "Affirm", "Python", "AWS"], "tag_categories": ["IaaS", "Compute", "PaaS", "Payments", "OS", "Finance - Lending", "OSS", "Payment Plans", "Stat Tools & Languages", "Applications - Industry", "Programming Languages"], "job_location": "Remote Poland", "city": "Warsaw", "region": 14, "country": "Poland", "last_indexed": "2023-06-09 01:11:32"}, {"job_name": "iOS Developer", "hours": null, "department": null, "seniority": null, "remote": null, "company_name": "Beans.ai", "company_url": "beans.ai", "post_url": "boards.greenhouse.io/beansai/jobs/4094986005", "tags_matched": ["Instacart", "iOS"], "tag_categories": ["Applications - Industry", "Commerce", "OS"], "job_location": "Palo Alto, Ca", "city": "Palo Alto", "region": "California", "country": "United States", "last_indexed": "2023-06-08 15:41:55"}, {"job_name": "Casual Sessional: Human Biosciences", "hours": "Part-Time", "department": null, "seniority": null, "remote": null, "company_name": "Royal Melbourne Institute of Technology", "company_url": "rmit.edu.au", "post_url": "rmit.wd3.myworkdayjobs.com/rmit_jobs/job/melbourne/casual-sessional--human-biosciences_jr22192", "tags_matched": [], "tag_categories": [], "job_location": "Bundoora West", "city": null, "region": null, "country": "Australia", "last_indexed": "2023-06-08 03:51:28"}, {"job_name": "iOS Developer (100% Remote)", "hours": "Full-Time", "department": null, "seniority": null, "remote": "true", "company_name": "Rappi Technology Mexico", "company_url": "rappi.com", "post_url": "rappi.wd3.myworkdayjobs.com/rappi_jobs/job/mex-ciudad-de-mxico/ios-developer--100--remote-_jr103854", "tags_matched": ["iOS", "Swift"], "tag_categories": ["Cloud Native Storage", "OS", "Runtime"], "job_location": "MEX-Ciudad De M\u00e9xico", "city": null, "region": null, "country": "Mexico", "last_indexed": "2023-06-08 10:25:21"}, {"job_name": "IOS/Android (Flutter Expert) App Developer", "hours": "Full-Time", "department": "Engineering", "seniority": null, "remote": "true", "company_name": "Revnue", "company_url": "revnue.com", "post_url": "revnue-corp.breezy.hr/p/e6f8849ca604-ios-android-flutter-expert-app-developer", "tags_matched": ["iOS", "GitHub", "Bitbucket", "Windows", "Flutter", "JavaScript", "HTML5", "Android", "Git"], "tag_categories": ["Mobile", "Version Control", "Templating Languages", "DevOps", "Continuous Integration (CI)", "Continuous Delivery/Deployment (CD)", "Mobile Development Tools", "OSS", "Code Collaboration", "Programming Languages", "OS"], "job_location": "India", "city": null, "region": null, "country": "India", "last_indexed": "2023-06-08 04:00:50"}, {"job_name": "Especialista De Neg\u00f3cios De Sistemas", "hours": null, "department": null, "seniority": "Unclear Seniority", "remote": "false", "company_name": "Unimed Nacional", "company_url": "unimednacional.coop.br", "post_url": "unimednacional.gupy.io/job/eyJzb3VyY2UiOiJndXB5X3B1YmxpY19wYWdlIiwiam9iSWQiOjQ3OTM5Nzl9", "tags_matched": [], "tag_categories": [], "job_location": "Via L2 Sul, Bras\u00edlia, Distrito Federal, Brasil", "city": "Bras\u00edlia", "region": "Distrito Federal", "country": "Brazil", "last_indexed": "2023-06-09 05:13:41"}, {"job_name": "Mobile Technical Lead - Android/IOS", "hours": "Contract", "department": "Information Technology", "seniority": null, "remote": "true", "company_name": "Radiant Digital", "company_url": "radiant.digital", "post_url": "careers.jobscore.com/careers/radiantdigital/jobs/mobile-technical-lead-android-ios-cSmLpMXsDlz6Zrl-mEpGFt", "tags_matched": ["Xcode", "React", "Apple", "JavaScript", "Jenkins", "Android", "iOS"], "tag_categories": ["Advertising", "Programming Languages", "Continuous Integration & Delivery", "Libraries", "App Definition and Development", "DevOps", "IDE", "JavaScript UI Libraries", "Tag Managers", "OS", "OSS", "Mobile"], "job_location": "Vienna, Virginia, 22180 United States", "city": "Vienna", "region": "Virginia", "country": "Austria", "last_indexed": "2023-06-09 22:43:27"}, {"job_name": "JBS Novos Neg\u00f3cios | Supervisor de Manuten\u00e7\u00e3o", "hours": null, "department": null, "seniority": "Manager", "remote": "false", "company_name": "Conhecendo mais sobre a JBS \ud83c\udfed", "company_url": "jbs.com.br", "post_url": "jbs.gupy.io/job/eyJzb3VyY2UiOiJndXB5X3B1YmxpY19wYWdlIiwiam9iSWQiOjQ4NzQ2OTd9", "tags_matched": [], "tag_categories": [], "job_location": "Rodovia BR 153, S/N, Lins, S\u00e3o Paulo, Brasil, 16400972", "city": "Lins", "region": "S\u00e3o Paulo", "country": "Brazil", "last_indexed": "2023-06-09 20:19:24"}, {"job_name": "iOS Developer Pleno - REMOTO", "hours": null, "department": null, "seniority": null, "remote": "true", "company_name": "SOMOS UMA ACELERADORA PARA TRANSFORMA\u00c7\u00c3O DIGITAL_", "company_url": "verity.com.br", "post_url": "verity.gupy.io/job/eyJzb3VyY2UiOiJndXB5X3B1YmxpY19wYWdlIiwiam9iSWQiOjQ3NzY4MjZ9", "tags_matched": ["iOS"], "tag_categories": ["OS"], "job_location": "S\u00e3o Paulo, S\u00e3o Paulo, Brasil, 01310-100", "city": "S\u00e3o Paulo", "region": "S\u00e3o Paulo", "country": "Brazil", "last_indexed": "2023-06-09 22:36:25"}, {"job_name": "T\u00e9cnico/a Mantenimiento para multinacional de equipos de aromatizaci\u00f3n de espacios", "hours": "Full-Time", "department": null, "seniority": "Manager", "remote": null, "company_name": "ScentAir Technologies", "company_url": "scentair.com", "post_url": "scentair.applytojob.com/apply/ZGzCLfPYnT/Tcnicoa-Mantenimiento-Para-Multinacional-De-Equipos-De-Aromatizacin-De-Espacios", "tags_matched": ["Excel", "Kong"], "tag_categories": ["API Gateway", "No Code", "Misc Biz Tools", "FP&A", "SMB Customers", "Orchestration & Management", "Spreadsheets", "DevOps", "Back Office Tools", "Microservices Tools", "API Management", "Midsize Customers", "OSS", "Treasury", "Enterprise Customers"], "job_location": "Madrid, Madrid, Spain", "city": "Madrid", "region": null, "country": "Spain", "last_indexed": "2023-06-09 05:16:52"}, {"job_name": "Analista de Intelig\u00eancia de Neg\u00f3cios", "hours": null, "department": null, "seniority": null, "remote": "false", "company_name": "SOBRE N\u00d3S", "company_url": "essentia.com.br", "post_url": "essentiagroup.gupy.io/job/eyJzb3VyY2UiOiJndXB5X3B1YmxpY19wYWdlIiwiam9iSWQiOjQwMzQxNTJ9", "tags_matched": [], "tag_categories": [], "job_location": "Rua Jair Hamms, 38, Palho\u00e7a, Santa Catarina, Brasil, 88137-084", "city": "Palho\u00e7a", "region": "Santa Catarina", "country": "Brazil", "last_indexed": "2023-06-09 21:37:55"}, {"job_name": "\u267fAGENTE NEG\u00d3CIOS - PCD | 0227 - BOTAFOGO - URB.RJ", "hours": null, "department": null, "seniority": "Chief", "remote": null, "company_name": "BANCO BRADESCO SA", "company_url": "bradescori.com.br", "post_url": "bradesco.csod.com/ux/ats/careersite/1/home/requisition/39940", "tags_matched": [], "tag_categories": [], "job_location": "Brazil", "city": null, "region": null, "country": "Brazil", "last_indexed": "2023-06-08 05:59:49"}, {"job_name": "\u267fAGENTE NEGOCIOS (PCD) - LITORAL NORTE", "hours": null, "department": null, "seniority": "Chief", "remote": null, "company_name": "BANCO BRADESCO SA", "company_url": "bradescori.com.br", "post_url": "bradesco.csod.com/ux/ats/careersite/1/home/requisition/39223", "tags_matched": [], "tag_categories": [], "job_location": "Brazil", "city": null, "region": null, "country": "Brazil", "last_indexed": "2023-06-08 13:57:18"}, {"job_name": "Biostatistician - Fellowship", "hours": "Part-Time", "department": null, "seniority": null, "remote": "true", "company_name": "JSC SCRI Holdings", "company_url": "mckesson.com", "post_url": "mckesson.wd3.myworkdayjobs.com/scri_careers/job/usa-tn-remote/biostatistician---fellowship_jr0084009-2", "tags_matched": ["SAS"], "tag_categories": ["Data Science Platforms", "Business Intelligence (BI)", "Statistical Computing", "IaaS", "Analytics", "General Analytics"], "job_location": "Work at Home - Tennessee, USA (All Zones) (WTNA)", "city": null, "region": "Tennessee", "country": "United States", "last_indexed": "2023-06-08 09:46:49"}, {"job_name": "Senior iOS Developer", "hours": "Full-Time", "department": null, "seniority": "Senior IC", "remote": null, "company_name": "Conflux Systems", "company_url": "confluxsystems.com", "post_url": "applicant.mightyrecruiter.com/jobs/apply/senior-ios-developer-at-conflux-systems-in-independence-ks-89e7f236c5ec9065123410f72789bf0a", "tags_matched": ["iOS", "IBM"], "tag_categories": ["Analytics", "Data Governance & Access", "Data Science Platforms", "OS", "Infrastructure", "IaaS"], "job_location": "Independence, KS 67301", "city": "Independence", "region": "Kansas", "country": "United States", "last_indexed": "2023-06-09 02:45:01"}, {"job_name": "Staff iOS Engineer", "hours": "Full-Time", "department": null, "seniority": "Staff IC", "remote": null, "company_name": "Dcard", "company_url": "dcard.today", "post_url": "boards.greenhouse.io/dcard/jobs/2017616", "tags_matched": ["iOS", "Kong", "Swift"], "tag_categories": ["DevOps", "API Management", "OS", "Microservices Tools", "API Gateway", "Orchestration & Management", "OSS", "Runtime", "Cloud Native Storage"], "job_location": "Dcard", "city": null, "region": null, "country": null, "last_indexed": "2023-06-09 08:55:56"}, {"job_name": "Developer - iOS", "hours": "Full-Time", "department": "IT Services", "seniority": null, "remote": null, "company_name": "Parvana", "company_url": "parvana.co.uk", "post_url": "parvana.zohorecruit.com/recruit/PortalDetail.na?iframe=true&digest=jQSQpYpuJFF90J20PCs6MHGAUnkE7bVo.a85bxdBEmQ-&jobid=448937000058828058&widgetid=448937000000072311&embedsource=CareerSite", "tags_matched": ["SwiftUI", "iOS", "Swift"], "tag_categories": ["Mobile", "Runtime", "Mobile UI Frameworks", "OS", "Cloud Native Storage"], "job_location": null, "city": null, "region": null, "country": null, "last_indexed": "2023-06-09 23:19:40"}, {"job_name": "Auditor Interno Pl - Neg\u00f3cios", "hours": "Intern", "department": null, "seniority": "Intern", "remote": null, "company_name": "na Banco PAN", "company_url": "bancopan.com.br", "post_url": "boards.greenhouse.io/bancopan/jobs/4873963004", "tags_matched": ["Excel", "SQL"], "tag_categories": ["Data Science Tools", "No Code", "Misc Biz Tools", "FP&A", "SMB Customers", "Spreadsheets", "Back Office Tools", "Big Data Tools", "Midsize Customers", "SQL", "Treasury", "Enterprise Customers"], "job_location": "S\u00e3o Paulo -SP", "city": "S\u00e3o Paulo", "region": null, "country": "Brazil", "last_indexed": "2023-06-09 05:17:01"}, {"job_name": "Staff Video Editor - Creative Studios", "hours": "Full-Time", "department": null, "seniority": "Staff IC", "remote": "true", "company_name": "Bungie", "company_url": "bungie.com", "post_url": "boards.greenhouse.io/bungie/jobs/5073205", "tags_matched": [], "tag_categories": [], "job_location": "Hybrid / Bungie-Approved Remote Locations", "city": "Bellevue", "region": "Washington", "country": "United States", "last_indexed": "2023-06-09 06:50:56"}, {"job_name": "Analista de Processos e Neg\u00f3cios - \u00c1rea: N\u00facleo de Desenvolvimento de Sistemas Internos - RP 713818", "hours": "Intern", "department": null, "seniority": "Intern", "remote": "false", "company_name": "Vamos juntos fazer a diferen\u00e7a no mundo?", "company_url": "senaicimatec.com.br", "post_url": "senaicimatec.gupy.io/job/eyJzb3VyY2UiOiJndXB5X3B1YmxpY19wYWdlIiwiam9iSWQiOjQ3Mzg2NDh9", "tags_matched": [], "tag_categories": [], "job_location": "Avenida Orlando Gomes, 1845, Salvador, Bahia, Brasil, 41650-010", "city": "Salvador", "region": "Bahia", "country": "Brazil", "last_indexed": "2023-06-08 16:58:31"}, {"job_name": "Vendas - Representante de Neg\u00f3cios (Olinda)", "hours": null, "department": null, "seniority": null, "remote": "false", "company_name": "Seja bem-vindo \u00e0 Ambev", "company_url": "ambev.com.br", "post_url": "ambev.gupy.io/job/eyJzb3VyY2UiOiJndXB5X3B1YmxpY19wYWdlIiwiam9iSWQiOjQ4NTM5Njl9", "tags_matched": [], "tag_categories": [], "job_location": "AVENIDA PRESIDENTE KENNEDY, 4400, Olinda, Pernambuco, Brasil, 53270315", "city": "Olinda", "region": "Pernambuco", "country": "Brazil", "last_indexed": "2023-06-08 06:44:08"}, {"job_name": "[PUBG STUDIOS] Anti-Cheat Engineer (3\ub144 \uc774\uc0c1)", "hours": null, "department": null, "seniority": null, "remote": null, "company_name": "PUBG Studios", "company_url": "krafton.com", "post_url": "boards.greenhouse.io/pubgcorporation/jobs/6003115002", "tags_matched": ["Instagram", "Unreal Engine", "Windows"], "tag_categories": ["Social Media", "OS", "Game Development Tools"], "job_location": "Seoul", "city": "Seoul", "region": 11, "country": "South Korea", "last_indexed": "2023-06-09 15:21:04"}, {"job_name": "Sr iOS Developer", "hours": "Full-Time", "department": null, "seniority": "Senior IC", "remote": "true", "company_name": "Ecolab USA", "company_url": "ecolab.com", "post_url": "ecolab.wd1.myworkdayjobs.com/ecolab_external/job/usa---minnesota---saint-paul/sr-ios-developer_r00201681-1", "tags_matched": ["Xcode", "Twitter", "iOS", "Microsoft Azure", "Facebook", "LinkedIn", "Accessibility", "Instagram", "Jira", "MSSQL", "Swift"], "tag_categories": ["Advertising", "Tracking", "Project Management", "Social Media", "Cloud Native Storage", "Social Share", "DevOps", "Pixels", "Analytics", "Issue Tracking", "Runtime", "Databases", "Computer Vision", "OS", "Link Shortening", "IDE", "CDN", "Datastores"], "job_location": "USA-Remote Worker-Minnesota", "city": null, "region": "Minnesota", "country": "United States", "last_indexed": "2023-06-08 14:14:33"}, {"job_name": "Gerente de Opera\u00e7\u00f5es - Biossance", "hours": "Full-Time", "department": "Biossance \u2013 Biossance Brasil", "seniority": null, "remote": null, "company_name": "Amyris", "company_url": "amyris.com", "post_url": "jobs.lever.co/amyris/c2a3d2dc-d362-483e-85ac-01fb155c3503", "tags_matched": ["SAP", "Microsoft", "Excel"], "tag_categories": ["Servers & Compute", "Enterprise Customers", "Midsize Customers", "Treasury", "FP&A", "Travel", "No Code", "Payments", "IT", "Travel and Tourism", "Accounting", "Enterprise Resource Planning (ERP)", "SaaS", "Tourism", "Software", "Cloud Management", "Misc Biz Tools", "Back Office Tools", "Big Data", "IaaS", "Financial Services", "SMB Customers", "Spreadsheets"], "job_location": "Brazil-Sao Paulo", "city": "Brazil-Sao Paulo", "region": null, "country": null, "last_indexed": "2023-06-09 08:34:09"}, {"job_name": "Vendas - Representante de Neg\u00f3cios (Londrina/PR)", "hours": null, "department": null, "seniority": null, "remote": "false", "company_name": "Seja bem-vindo \u00e0 Ambev", "company_url": "ambev.com.br", "post_url": "ambev.gupy.io/job/eyJzb3VyY2UiOiJndXB5X3B1YmxpY19wYWdlIiwiam9iSWQiOjQ3OTkzMjh9", "tags_matched": [], "tag_categories": [], "job_location": "Londrina, Paran\u00e1, Brasil, 86020-080", "city": "Londrina", "region": "Paran\u00e1", "country": "Brazil", "last_indexed": "2023-06-08 09:49:21"}, {"job_name": "Vendas - Representante de Neg\u00f3cios (Itapetinga)", "hours": null, "department": null, "seniority": null, "remote": "false", "company_name": "Seja bem-vindo \u00e0 Ambev", "company_url": "ambev.com.br", "post_url": "ambev.gupy.io/job/eyJzb3VyY2UiOiJndXB5X3B1YmxpY19wYWdlIiwiam9iSWQiOjQ3MzkzOTN9", "tags_matched": [], "tag_categories": [], "job_location": "Itapetinga, Bahia, Brasil, 45700-000", "city": "Itapetinga", "region": "Bahia", "country": "Brazil", "last_indexed": "2023-06-08 09:05:19"}, {"job_name": "Senior Bioinformatician - Bioinformatics & Biostatistics", "hours": "Full-Time", "department": null, "seniority": "Senior IC", "remote": null, "company_name": "Francis Crick Institute", "company_url": "crick.ac.uk", "post_url": "crick.wd3.myworkdayjobs.com/external/job/london/senior-bioinformatician---bioinformatics---biostatistics_r1185", "tags_matched": ["Python", "Unix"], "tag_categories": ["OSS", "Programming Languages", "OS", "Stat Tools & Languages"], "job_location": "London", "city": "London", "region": null, "country": "United Kingdom", "last_indexed": "2023-06-08 05:34:10"}, {"job_name": "iOS Developers", "hours": "Full-Time", "department": "Software Development", "seniority": null, "remote": null, "company_name": "EBC Technologies", "company_url": null, "post_url": "ebctechnologies.freshteam.com/jobs/-5hTg3_fZi_G/ios-developers", "tags_matched": ["Firebase", "Swift"], "tag_categories": ["Datastores", "Runtime", "Cloud Native Storage"], "job_location": "Uttar Pradesh, Lucknow, 226005 India", "city": "Uttar Pradesh", "region": "Lucknow", "country": "India", "last_indexed": "2023-06-09 02:08:10"}, {"job_name": "JBS Novos Neg\u00f3cios | Natural Casings - Estagi\u00e1rio", "hours": "Intern", "department": null, "seniority": null, "remote": "false", "company_name": "Conhecendo mais sobre a JBS \ud83c\udfed", "company_url": "jbs.com.br", "post_url": "jbs.gupy.io/job/eyJzb3VyY2UiOiJndXB5X3B1YmxpY19wYWdlIiwiam9iSWQiOjQ2MTIyNTN9", "tags_matched": [], "tag_categories": [], "job_location": "Avenida Lago Azul, 0, Goi\u00e2nia, Goi\u00e1s, Brasil, 74893780", "city": "Goi\u00e2nia", "region": "Goi\u00e1s", "country": "Brazil", "last_indexed": "2023-06-09 18:11:48"}, {"job_name": "IOS Mobile Developer-AR-Buenos Aires-La Plata", "hours": null, "department": "Computer Science, Developer, Testing, Java, Information Technology, Technology", "seniority": null, "remote": null, "company_name": "sistemasglT1", "company_url": "globant.com", "post_url": "sistemasglt1.valhalla17.stage.jobs2web.com/job/IOS-Mobile-Developer-AR-Buenos-Aires-La-Plata/63849967", "tags_matched": ["Java", "LinkedIn", "Android SDK", "Android", "iOS", "Objective-C", "Swift"], "tag_categories": ["Full Stack Framework", "Programming Languages", "Social Media", "Pixels", "OS", "Cloud Native Storage", "Mobile", "CDN", "Runtime", "OSS", "Tracking"], "job_location": "La Plata, Buenos Aires, Argentina", "city": "La Plata", "region": null, "country": "Argentina", "last_indexed": "2023-06-08 00:35:20"}, {"job_name": "Senior iOS developer", "hours": null, "department": null, "seniority": "Senior IC", "remote": null, "company_name": "Lean Breweries", "company_url": "leanbreweries.com", "post_url": "leanbreweries.hire.trakstar.com/jobs/fk0asu", "tags_matched": ["iOS"], "tag_categories": ["OS"], "job_location": null, "city": "Antwerp", "region": null, "country": "Belgium", "last_indexed": "2023-06-09 23:57:11"}, {"job_name": "Senior Software Engineer \u2013 iOS", "hours": null, "department": null, "seniority": "Senior IC", "remote": null, "company_name": "Global Rescue", "company_url": "globalrescue.com", "post_url": "recruitingbypaycor.com/career/JobIntroduction.action?clientId=8a7883c67036b68d01703b9e5ea203e1&id=8a78859e8584000d0185875606f72320", "tags_matched": ["iOS", "SQL", "JSON", "XML", "Apple", "Swift", "Objective-C"], "tag_categories": ["OS", "Big Data Tools", "Programming Languages", "Data Science Tools", "OSS", "Languages", "SQL", "Tag Managers", "Runtime", "Advertising", "Cloud Native Storage"], "job_location": "Islamabad, 44080", "city": "Islamabad", "region": null, "country": "Pakistan", "last_indexed": "2023-06-09 14:29:18"}]}